{ "GameObject": [ { "name": "TextLabel","material": { "text": "DMU ENGINE", "font": "assets/fonts/alexandria/AlexandriaFLF.ttf", "charSize": 32, "colour": { "r": 255.000000, "g": 255.000000, "b": 255.000000}},"position": { "translation": { "x": 50.000000, "y": 50.000000,"z": 0.000000},"rotation": { "x": 0.000000, "y": 0.000000,"z": 0.000000},"scale": { "x": 1.000000, "y": 1.000000,"z": 1.000000}}}] }