{ "GameObject": [ { "name": "Jan","material": { "text": "A", "font": "assets/fonts/04b_20/04b_20__.ttf", "charSize": 32, "colour": { "r": 1.000000, "g": 1.000000, "b": 1.000000}},"position": { "translation": { "x": 0.000000, "y": 300.000000,"z": 0.000000},"rotation": { "x": 0.000000, "y": 0.000000,"z": 0.000000},"scale": { "x": 1.000000, "y": 1.000000,"z": 1.000000}}},{ "name": "Simon","material": { "text": "Simon", "font": "assets/fonts/04b_20/04b_20__.ttf", "charSize": 32, "colour": { "r": 0.016736, "g": 1.000000, "b": 0.913604}},"position": { "translation": { "x": 0.000000, "y": 400.000000,"z": 0.000000},"rotation": { "x": 0.000000, "y": 0.000000,"z": 0.000000},"scale": { "x": 1.000000, "y": 1.000000,"z": 1.000000}}},{ "name": "TextLabel","material": { "text": "DMU ENGINE", "font": "assets/fonts/alexandria/AlexandriaFLF.ttf", "charSize": 32, "colour": { "r": 255.000000, "g": 255.000000, "b": 255.000000}},"position": { "translation": { "x": 50.000000, "y": 50.000000,"z": 0.000000},"rotation": { "x": 0.000000, "y": 0.000000,"z": 0.000000},"scale": { "x": 1.000000, "y": 1.000000,"z": 1.000000}}},{ "name": "jknjknk","position": { "translation": { "x": 0.000000, "y": 550.000000,"z": 0.000000},"rotation": { "x": 0.000000, "y": 0.000000,"z": 0.000000},"scale": { "x": 1.000000, "y": 1.000000,"z": 1.000000}},"material": { "text": "I am 2D text", "font": "assets/fonts/alexandria/AlexandriaFLF.ttf", "charSize": 32, "colour": { "r": 0.982906, "g": 0.862703, "b": 0.042005}}}] }